run_name,r,lora_alpha,trainable_params,trainable_ratio,eval_acc
r4_a4,4,4,544768,0.000247,0.6990
r4_a8,4,8,544768,0.000247,0.7000
r8_a8,8,8,1089536,0.000493,0.7070
r8_a16,8,16,1089536,0.000493,0.7050
r16_a16,16,16,2179072,0.000985,0.7050
r16_a32,16,32,2179072,0.000985,0.7080
r32_a32,32,32,4358144,0.001969,0.7120
r32_a64,32,64,4358144,0.001969,0.7130
